{
  "PSNR": 12.660304386971411,
  "SSIM": 0.4537166991741655,
  "LPIPS": 0.545529417693615,
  "Warp-Err": 0.10363853518702403,
  "CLIP-F": 98.84231686592102,
  "CLIP-T": 39.685940742492676,
  "CIA": 1.0,
  "LTF": 0.3000987470149994,
  "IA": 1.0,
  "LTC": 0.9690923094749451
}