{
  "PSNR": 12.68048564023949,
  "SSIM": 0.43689283121385314,
  "LPIPS": 0.5440115593373775,
  "Warp-Err": 0.0899045074063968,
  "CLIP-F": 98.72608780860901,
  "CLIP-T": 38.428232073783875,
  "CIA": 1.0,
  "LTF": 0.301696240901947,
  "IA": 1.0,
  "LTC": 0.9761733710765839
}