{
  "PSNR": 16.371105194091797,
  "SSIM": 0.0003043531306167857,
  "LPIPS": 0.25887734641631444,
  "Warp-Err": 0.1366826593875885,
  "CLIP-F": 90.22733569145203,
  "CLIP-T": 27.66316533088684,
  "CIA": 0.5,
  "LTF": 0.23627446591854095,
  "IA": 0.533333346247673,
  "LTC": 0.8812698423862457
}