{
  "PSNR": 12.638474777248964,
  "SSIM": 0.45244690250754005,
  "LPIPS": 0.5462810955941677,
  "Warp-Err": 0.08055007735109018,
  "CLIP-F": 98.93958568572998,
  "CLIP-T": 39.89893198013306,
  "CIA": 1.0,
  "LTF": 0.30021490156650543,
  "IA": 1.0,
  "LTC": 0.9667977392673492
}